Year,Sport,ScramName,Class,Height,Weight
2008,Baseball,abeennnrrry,Freshman,71,180
2008,Baseball,aacdeijlost,Junior,74,190
2008,Baseball,aeeglmnort,Sophomore,69,170
2008,Baseball,acefhiinnnrrs,Junior,71,175
2008,Baseball,bbeegorrrrtu,Junior,79,220
2008,Baseball,abdejlnnnoorssy,Senior,75,200
2008,Baseball,aadeklmnorrw,Sophomore,75,215
2008,Baseball,ahkloorrsuy,Sophomore,72,160
2008,Baseball,ailllnnvyy,Sophomore,72,190
2008,Baseball,aadfgghlnnoorrrsstty,Junior,78,230
2008,Baseball,adgilptuw,Freshman,74,175
2008,Baseball,egglnorsy,Freshman,76,200
2008,Baseball,adeeegmny,Sophomore,73,190
2008,Baseball,eeehhilmnpsst,Junior,75,215
2008,Baseball,adeemnoorrw,Sophomore,74,205
2008,Baseball,aceehiillnr,Freshman,76,185
2008,Baseball,acdhimmsttt,Freshman,70,165
2008,Baseball,acefhnopprsst,Senior,74,190
2008,Baseball,cehilrstuz,Freshman,76,190
2008,Baseball,aehhimmstttw,Junior,74,208
2008,Baseball,aadeilnsstvy,Senior,70,190
2008,Baseball,aillnorstttw,Sophomore,76,195
2008,Baseball,ceeehinrsswy,Junior,74,205
2008,Baseball,abchklooostwyz,Freshman,69,175
2008,Baseball,achhilrssw,Senior,74,195
2008,Baseball,aeglnouxy,Sophomore,76,195
2009,Baseball,aeillrrsty,Junior,73,200
2009,Baseball,aceimqrssu,Freshman,67,150
2009,Baseball,acffhhjorss,Freshman,70,195
2009,Baseball,chiiiiknprssw,Freshman,71,170
2009,Baseball,aaaelmnnrvy,Freshman,75,160
2009,Baseball,'aceehhhiooprrrst,Freshman,75,195
2009,Baseball,abceeklnnor,Freshman,78,225
2009,Baseball,abhkoorrt,Junior,77,220
2009,Baseball,aadfgghlnnoorrrsstty,Senior,78,240
2010,Baseball,bcefilooorr,Freshman,72,170
2010,Baseball,aacceehillmmno,Freshman,78,210
2010,Baseball,aefiknnoorttuv,Freshman,75,190
2010,Baseball,aacehlnnos,Freshman,71,175
2010,Baseball,acddehiikvy,Freshman,76,215
2010,Baseball,abcehjnortu,Freshman,73,175
2011,Baseball,abbdeilnorrtw,Fr.,75,215
2011,Baseball,abceeegllmnpr,Fr.,74,180
2011,Baseball,ceehhiirs,Fr.,72,175
2011,Baseball,beehjnops,Fr.,73,195
2011,Baseball,abeijklnosu,Fr.,75,195
2011,Baseball,'aaeelnorty,Fr.,74,215
2011,Baseball,addiopstuv,Fr.,69,170
2012,Baseball,aaademnst,Fr.,69,165
2012,Baseball,accehkloors,So.,75,210
2012,Baseball,aachhilmnrs,Fr.,75,185
2012,Baseball,abelnnorstw,Fr.,71,175
2012,Baseball,acehimorsst,Fr.,77,220
2012,Baseball,'eillmnoot,Fr.,75,190
2012,Baseball,aeeejkmnoss,Jr.,73,165
2013,Baseball,bdeeknorrw,Fr.,71,165
2013,Baseball,acdefhnors,Fr.,75,215
2013,Baseball,aadeeehnrrrrw,Fr.,70,180
2013,Baseball,acceeehhllos,Fr.,75,195
2013,Baseball,aacccijklmnnos,Fr.,75,215
2013,Baseball,accddghillmouuv,Fr.,72,175
2013,Baseball,acdeehiklnrrrs,Fr.,70,190
2013,Baseball,aehhiinorrstw,Fr.,69,170
2014,Baseball,abceeinry,Jr.,75,190
2014,Baseball,abeloosx,Fr.,70,170
2014,Baseball,bcdeiikoorrtwz,Fr.,74,205
2014,Baseball,acdelnnrtuy,Fr.,75,190
2014,Baseball,aikkkmnoossuw,Fr.,74,200
2014,Baseball,ddmortuy,Fr.,75,185
2014,Baseball,cdeorsttw,Fr.,75,195
2014,Baseball,aeeiikklmpsy,Fr.,74,200
2015,Baseball,abeimoss,Fr.,73,215
2015,Baseball,adegimrtw,Fr.,70,170
2015,Baseball,deffgiinry,Fr.,73,210
2015,Baseball,efllmortu,Fr.,71,170
2015,Baseball,aaabikmmnrru,Fr.,71,170
2015,Baseball,ciloopstttz,Fr.,74,200
2015,Baseball,abeegnnnrwy,Fr.,75,190
2015,Baseball,aehiimmnnostw,Fr.,70,170
2016,Baseball,aehiimmnnostw,So.,70,165
2016,Baseball,adegimrtw,So.,70,160
2016,Baseball,aeeiikklmpsy,Jr.,74,215
2016,Baseball,aaaaddiikot,Fy.,68,155
2016,Baseball,aehhiinorrstw,Sr.,71,175
2016,Baseball,abeloosx,Jr.,70,175
2016,Baseball,aadeeehnrrrrw,Sr.,71,190
2016,Baseball,aabiinnorr,Fy.,76,205
2016,Baseball,acdeehiklnrrrs,Sr.,71,200
2016,Baseball,bbbcceeeory,Fy.,71,185
2016,Baseball,efllmortu,So.,71,175
2016,Baseball,aaabikmmnrru,So.,71,175
2016,Baseball,aeeegillrstx,Fy.,72,185
2016,Baseball,adefloprrssty,Fy.,74,185
2016,Baseball,acceeehhllos,Sr.,75,210
2016,Baseball,bcdeiikoorrtwz,Jr.,74,220
2016,Baseball,bdeeknorrw,Sr.,71,170
2016,Baseball,acdelnnrtuy,Jr.,75,205
2016,Baseball,aacccijklmnnos,Sr.,76,230
2016,Baseball,ddmortuy,Jr.,75,200
2016,Baseball,abeegnnnrwy,So.,75,220
2016,Baseball,aeghimopsst,Fy.,72,190
2016,Baseball,abeimoss,So.,73,200
2016,Baseball,deffgiinry,So.,74,220
2016,Baseball,aikkkmnoossuw,Jr.,74,215
2016,Baseball,ciloopstttz,So.,74,205
2016,Baseball,cdeorsttw,Jr.,75,195
2016,Baseball,aegijnrstu,Fy.,76,225
2003,Basketball,aaabiijmnoorsst,Fr.,79,225
2003,Basketball,aaddeghinnruw,Jr.,77,190
2003,Basketball,acdeffgilostt,Sr.,78,215
2003,Basketball,aaabeglmox,Jr.,72,185
2003,Basketball,beeegghjnorrs,So.,67,170
2003,Basketball,hhijllos,Jr.,79,225
2003,Basketball,aceeghhssuy,Fr.,78,195
2003,Basketball,aaaklmnps,Fr.,79,225
2003,Basketball,aeklmorttv,Jr.,78,215
2003,Basketball,acdiiikmmnnort,Jr.,82,240
2003,Basketball,affimmnott,Sr.,78,225
2003,Basketball,iijmnnosstu,Sr.,81,230
2003,Basketball,adeehprstuwx,So.,79,235
2003,Basketball,aeiilllptuv,Sr.,80,208
2003,Basketball,aaehjntuw,So.,78,230
2003,Basketball,aabiiilllmssw,Sr.,72,165
2004,Basketball,acefilort,Fr.,73,185
2004,Basketball,abceehllmos,Fr.,78,205
2004,Basketball,cehiklmnos,Fr.,78,205
2004,Basketball,aeklmtty,Fr.,83,240
2005,Basketball,acdehinrrssw,Fr.,69,155
2005,Basketball,abeeegginrrr,Fr.,73,180
2005,Basketball,imnoorrss,Fr.,79,225
2005,Basketball,aciiiknprstv,Fr.,79,210
2005,Basketball,deehitw,Fr.,75,190
2005,Basketball,adeiimnrttw,Fr.,79,195
2006,Basketball,adhijossv,Fr.,80,215
2006,Basketball,abdgijnnoors,Fr.,77,195
2006,Basketball,aellnnopsu,Fr.,82,230
2006,Basketball,aaeeilmprxz,Fr.,75,185
2007,Basketball,abeelloprrrstw,Fr.,72,185
2007,Basketball,addeefgilrrrtt,Fr.,81,235
2007,Basketball,aaaffiillmnrt,Fr.,75,180
2007,Basketball,aacdehilmnss,Fr.,79,230
2008,Basketball,adeehnnorrstt,Freshman,80,215
2008,Basketball,aabiknrtz,Freshman,76,190
2008,Basketball,aaegggmnnor,Freshman,82,240
2008,Basketball,abdennoorrs,Senior,75,205
2008,Basketball,eeegghiiillrtw,Freshman,76,194
2009,Basketball,adeehnnorrstt,So.,80,230
2009,Basketball,aacceeghilmr,Fr.,72,180
2009,Basketball,aaimmnrst,Fr.,75,195
2009,Basketball,aagimnnorstu,Fr.,71,185
2010,Basketball,abeilllrtttw,Fr.,78,200
2010,Basketball,aacflnooosst,Sr.,73,190
2010,Basketball,eeeggkllry,Fr.,80,215
2010,Basketball,abeeeeghiijkmrrrs,Fr.,81,235
2010,Basketball,acdeehijprrsst,Fr.,77,215
2010,Basketball,aaaaafhiiilss,Fr.,75,185
2011,Basketball,cdehiiikllllnsw,Fr.,83,225
2011,Basketball,aacimnnoortt,Fr.,79,215
2011,Basketball,adeeijnrruv,Fr.,76,175
2011,Basketball,abddehnnoorrrs,Fr.,78,230
2011,Basketball,ademnnostttw,Fr.,79,235
2012,Basketball,aaabdeghhiiklnqrt,Fr.,77,205
2012,Basketball,aacegjkmnotu,Fr.,72,170
2012,Basketball,aeijnrssstu,Fr.,80,205
2012,Basketball,cciiknortv,Fr.,77,205
2013,Basketball,aaghhiiklnq,So.,77,205
2013,Basketball,cdehiiikllllnsw,Jr.,83,225
2013,Basketball,aacimnnoortt,Jr.,79,215
2013,Basketball,aadehillnnorty,Fr.,78,190
2013,Basketball,ademnoswy,Fr.,81,230
2013,Basketball,adeeijnrruv,Jr.,76,185
2013,Basketball,aaddejrsw,Fr.,77,190
2013,Basketball,efjlorstw,Fr.,78,190
2013,Basketball,eeeggkllry,Jr.,80,215
2013,Basketball,abeeeeghiijkmrrrs,Sr.,82,240
2013,Basketball,aacegjkmnotu,So.,72,170
2013,Basketball,acdeehijprrsst,Sr.,77,210
2013,Basketball,aeijnrssstu,So.,80,205
2013,Basketball,abddehnnoorrrs,Jr.,78,240
2013,Basketball,ademnnostttw,Jr.,79,240
2013,Basketball,cciiknortv,So.,77,205
2014,Basketball,acdeeinnorrs,Fr.,79,215
2014,Basketball,ekmnoors,Fr.,82,240
2014,Basketball,aaaikmmnos,Fr.,73,185
2014,Basketball,adelllnnorssu,Fr.,74,180
2015,Basketball,aacdeellnopx,Fr,75,170
2015,Basketball,aeeegmnrtt,Fr,79,205
2015,Basketball,eegiiillnnr,Fr,78,200
2015,Basketball,ehillprsty,Fr,74,185
2015,Basketball,abdeekllnorsy,Fr,79,220
2015,Basketball,aahmnorsty,Fr,76,190
2016,Basketball,ceeimnoorr,Fr.,74,175
2016,Basketball,aaehnosty,Jr.,77,195
2016,Basketball,aaiiillmnsstuw,Fr.,80,235
2016,Basketball,abdejnnorrru,Fr.,81,205
2016,Basketball,eiimnoy,Fr.,78,200
2017,Basketball,aabbdegijlnno,Fy.,77,190
2017,Basketball,aaehnosty,Sr.,77,195
2017,Basketball,aaainrswz,Fy.,72,185
2017,Basketball,aaaaeejllmsu,Fy.,79,210
2017,Basketball,aaiklnnopstu,Fy.,82,220
2017,Basketball,aessttwyy,Fy.,80,220
2003,Football,aadeiknnrsw,So.,76,210
2003,Football,aaellnnry,Jr.,73,195
2003,Football,aacdhlmy,Sr.,76,230
2003,Football,aabeehkmrttw,So.,75,205
2003,Football,abeimrrttt,Sr.,74,255
2003,Football,abchirrrsy,Fr.,71,210
2003,Football,aabeeemnnrssstv,Fr.,76,300
2003,Football,abceejkms,Jr.,69,180
2003,Football,abehillnnnooty,Jr.,74,265
2003,Football,beginnnoor,Sr.,72,190
2003,Football,abdeeknnrr,So.,71,200
2003,Football,abdegiilllmottw,So.,75,200
2003,Football,bbeeginnru,Jr.,73,215
2003,Football,aabdmnorw,Jr.,72,225
2003,Football,abdeeknrruw,So.,71,190
2003,Football,abdeelnrrtuw,So.,70,170
2003,Football,abdemptuy,Sr.,66,170
2003,Football,abcceikllmnp,Jr.,74,275
2003,Football,aaacccdeeiklorr,Sr.,74,225
2003,Football,abceorrrrt,Jr.,67,190
2003,Football,aacemortttu,So.,69,211
2003,Football,chhjnnooooo,So.,74,200
2003,Football,aabcehiiinnnrrsst,Jr.,74,210
2003,Football,abcdegglry,Sr.,77,255
2003,Football,cijllnops,Sr.,74,185
2003,Football,cillnoorwy,Sr.,74,275
2003,Football,aacilnnovw,Sr.,74,210
2003,Football,aacgilorrty,Fr.,73,250
2003,Football,acdfnoorrstwy,Jr.,72,225
2003,Football,aciillmruwz,Jr.,74,260
2003,Football,acdehinrs,Fr.,75,280
2003,Football,abddeenor,Fr.,75,235
2003,Football,bcdehinnnorrswy,Fr.,73,190
2003,Football,aabbcdeeeffhinnrrty,Sr.,75,280
2003,Football,deeefiilmrrt,Fr.,75,230
2003,Football,aacdeehillmnuvy,So.,76,265
2003,Football,abcddehnnorsy,So.,76,230
2003,Football,beegimnort,Sr.,75,230
2003,Football,aeeehiiknstv,Sr.,70,180
2003,Football,aeeeehknnrrstt,Sr.,72,225
2003,Football,abddeeeghinnorrt,Fr.,76,210
2003,Football,aaeefhlrtxy,Jr.,74,225
2003,Football,ddeeeefiinorst,So.,74,200
2003,Football,aabeefrrrrt,Fr.,74,190
2003,Football,aceefimnnor,So.,78,270
2003,Football,aefhjlorsst,So.,73,235
2003,Football,acghirrsy,So.,73,215
2003,Football,aadhlmnnott,So.,74,225
2003,Football,aacdehimorr,Sr.,72,265
2003,Football,acehilorrs,Jr.,75,230
2003,Football,acdeeehhllnnry,So.,73,195
2003,Football,eeehnnorrssyy,Jr.,77,290
2003,Football,aeeghinnrrt,So.,75,220
2003,Football,beehiklmno,So.,71,180
2003,Football,adehjlorst,Fr.,76,275
2003,Football,aabciijllmosw,Sr.,71,200
2003,Football,deefjklrs,Jr.,65,160
2003,Football,aafhjkmnnou,So.,79,255
2003,Football,adeejknry,Fr.,77,290
2003,Football,agiknnry,Jr.,69,175
2003,Football,addiknovx,So.,69,195
2003,Football,aehjkklo,Sr.,76,305
2003,Football,aceijkmru,Fr.,75,285
2003,Football,aaklmnorrs,Fr.,73,173
2003,Football,aaeeilnrtw,Sr.,79,265
2003,Football,aaeiklmnstt,Jr.,75,270
2003,Football,adeelnrvwy,Jr.,75,240
2003,Football,eiijlmmswy,Fr.,76,185
2003,Football,abejlnoruyy,Fr.,74,250
2003,Football,eeiikllnnotttv,Fr.,69,175
2003,Football,aaacijmnnossu,So.,73,230
2003,Football,aaaklmnsstyz,Fr.,75,210
2003,Football,aeeekllmr,Sr.,74,220
2003,Football,accdehmrty,Fr.,76,250
2003,Football,acceellllmnrty,So.,75,235
2003,Football,ccchilmorrswy,Fr.,74,200
2003,Football,aaccdeeghiillmmn,So.,76,305
2003,Football,aaccdeehiilllmmn,Jr.,69,180
2003,Football,abcemnorw,Fr.,74,265
2003,Football,acceghiiilmmnty,Fr.,75,210
2003,Football,adeeillmrv,Fr.,75,230
2003,Football,effjmorz,Jr.,77,215
2003,Football,aammrrttuy,Fr.,73,205
2003,Football,eeggnorsw,Sr.,69,185
2003,Football,adeilnprw,So.,74,220
2003,Football,aadeikptt,Jr.,74,185
2003,Football,chhiippprss,So.,73,280
2003,Football,abhllmppru,Jr.,76,225
2003,Football,bcehlooprtu,Fr.,76,280
2003,Football,aadehlnprrw,So.,75,270
2003,Football,acehirtt,Sr.,74,225
2003,Football,adehjlmoorrs,Fr.,73,180
2003,Football,adegijnoorrsuz,Sr.,70,195
2003,Football,aaeijlnssssu,Sr.,71,220
2003,Football,acdhiknorsy,Jr.,74,265
2003,Football,dehjoorst,Fr.,72,180
2003,Football,aaahknpst,So.,77,225
2003,Football,dhimnost,Jr.,74,220
2003,Football,aaciikklnnos,Fr.,75,190
2003,Football,acdeejnnoprs,Fr.,67,160
2003,Football,abdeeehimnnnoprrs,Fr.,76,200
2003,Football,deemstt,Jr.,76,220
2003,Football,aadeillnnrsuvw,Jr.,73,195
2003,Football,bbeehssttwy,Fr.,73,220
2003,Football,aahilmoorrsty,So.,75,215
2003,Football,aeehnnortt,Jr.,73,215
2003,Football,aacgiimnoorst,So.,72,185
2003,Football,hjnooorstt,Jr.,70,170
2003,Football,eelllrstwy,So.,71,185
2003,Football,bceiiiklnnorsw,So.,75,265
2003,Football,aciilllortw,So.,74,215
2003,Football,billorsw,Jr.,72,200
2003,Football,acdehilmnooosw,Fr.,73,195
2003,Football,aeghhilrstwy,Fr.,76,195
2003,Football,cghhiirrstw,Fr.,74,190
2004,Football,bchjmnooos,Fr.,74,190
2004,Football,abcmmoostt,So.,71,205
2004,Football,aabcdellnrrtt,So.,74,265
2004,Football,adeikllmuv,Fr.,76,215
2004,Football,ccefijlloou,Fr.,70,215
2004,Football,abeegnrrry,Fr.,75,200
2004,Football,aeghilmorssu,Fr.,77,240
2004,Football,aadehijlmnort,Fr.,75,235
2004,Football,abehinrrrsu,Fr.,74,195
2004,Football,aabddehllnnorrt,Fr.,75,240
2004,Football,aaceehjmqsttuw,Fr.,73,185
2004,Football,aghjlnnnnooosst,Fr.,74,235
2004,Football,aaabiklllmn,Fr.,76,224
2004,Football,aeehiklmmnn,Fr.,74,240
2004,Football,aaadeilnnrwy,Fr.,71,180
2004,Football,accehikmnrtvy,Fr.,75,260
2004,Football,aceffjmnoo,Fr.,76,255
2004,Football,cemooorstt,Fr.,76,205
2004,Football,eeehmnoprsst,Fr.,74,240
2004,Football,aiikkmoprsttw,Fr.,72,215
2004,Football,aehlmmopsttu,Fr.,74,215
2004,Football,eikkoprrrt,Fr.,75,255
2004,Football,adehjlmoorrs,So.,73,200
2004,Football,aabbdelnnnoorrstt,Fr.,70,185
2004,Football,aceeefhhhlmnoprsst,Fr.,77,250
2004,Football,aacdins,Fr.,73,195
2004,Football,abddeeiiilnrsstv,Fr.,74,216
2004,Football,abimmnnoorsst,Sr.,75,205
2004,Football,acghilorss,Fr.,73,185
2004,Football,aceghimsttt,Fr.,74,228
2004,Football,adeejnnorsstv,Fr.,77,225
2004,Football,aaddhimostv,Fr.,73,218
2004,Football,accehiklnrtw,Fr.,76,255
2004,Football,ciikmnootwz,Fr.,75,285
2005,Football,aabbbbeory,Fr.,74,220
2005,Football,aaabelrrry,Fr.,73,210
2005,Football,aaaddeghmnnortuu,Fr.,70,256
2005,Football,beeiioprst,Fr.,74,235
2005,Football,aceeikmortu,Fr.,76,270
2005,Football,aaddeilrsu,Fr.,76,300
2005,Football,adistvy,Fr.,74,260
2005,Football,deeijnnnoos,Fr.,76,200
2005,Football,aadeejkrrrtt,Fr.,75,195
2005,Football,beeegiklnn,Fr.,75,185
2005,Football,adfnoorry,Fr.,75,195
2005,Football,aacdeeglrsy,Fr.,71,175
2005,Football,aeffgilnorty,Fr.,72,175
2005,Football,aadeghilnnoorrv,Fr.,75,275
2005,Football,aadehillmmsv,Fr.,78,320
2005,Football,aabdhrrty,Fr.,73,205
2005,Football,aaaehhjotwy,Fr.,77,258
2005,Football,aaehiklrwy,Fr.,77,260
2005,Football,cehhhijlmors,Fr.,69,180
2005,Football,bceehiikkmnnoottv,Fr.,75,190
2005,Football,ehhimost,So.,72,210
2005,Football,aeehjnnoss,Fr.,75,260
2005,Football,aaabknnry,Fr.,75,255
2005,Football,aaceegmnnqrtu,Fr.,75,210
2005,Football,aaaimmsst,Fr.,76,190
2005,Football,cdeeiklmmo,Fr.,71,200
2005,Football,aabjlmnoopsu,Fr.,74,210
2005,Football,aeijklnoprty,Fr.,74,215
2005,Football,aelmmmprttu,Fr.,75,215
2005,Football,acdhijmnory,Fr.,74,235
2005,Football,aeennoorssttv,Fr.,72,200
2005,Football,aaadmost,Fr.,73,225
2005,Football,acddeeiknprst,Fr.,74,190
2005,Football,aehhjmnostu,Jr.,76,205
2005,Football,aeijmmnnorrss,Fr.,74,200
2005,Football,aceelnnprsy,Fr.,70,170
2005,Football,abeehinnnoprsst,Fr.,68,185
2005,Football,aacghiimnoorst,Sr.,73,175
2005,Football,acdeiilrv,Fr.,71,220
2005,Football,aaehjntuw,Sr.,78,233
2005,Football,aceghinrrsy,Fr.,73,190
2006,Football,acehjnorst,Fr.,77,260
2006,Football,aaadeeehiilmnorss,Fr.,69,180
2006,Football,aadefjllnorrr,Fr.,70,190
2006,Football,acegiklrvyz,Fr.,67,175
2006,Football,aaaehjs,Fr.,76,245
2006,Football,adhilmnnot,Fr.,74,215
2006,Football,aehinrrstvy,Fr.,72,205
2006,Football,abccdjooyy,Fr.,76,265
2006,Football,achjlnnoors,Fr.,72,205
2006,Football,aeeehkllmrtt,Fr.,76,235
2006,Football,aadehilnrt,Fr.,72,170
2006,Football,aemmnott,Fr.,73,200
2006,Football,acchmmortty,Fr.,76,220
2006,Football,beeemnry,Fr.,76,245
2006,Football,aemnnotwx,Fr.,73,205
2006,Football,egiijlnnoprstu,Fr.,75,240
2006,Football,acelmoprry,Fr.,78,270
2006,Football,aehiilnpprsstuu,Fr.,74,230
2006,Football,ddeelnnoorrsyy,Fr.,72,200
2006,Football,aceilpru,Fr.,74,220
2006,Football,abcdnnoorstt,Fr.,67,170
2006,Football,accdehiillrrsu,Fr.,75,210
2006,Football,ceeinnrs,Fr.,73,190
2006,Football,deeffhhijlnos,Fr.,74,215
2006,Football,ackmmostt,Fr.,75,250
2006,Football,abeiklmnoosuw,So.,73,204
2006,Football,aeellrssttww,Fr.,75,200
2006,Football,aejnoorrty,Fr.,77,260
2006,Football,aaaccejkllw,Fr.,73,220
2007,Football,aabeelmprst,Sophomore,75,210
2007,Football,aabehnnnnos,Sophomore,75,245
2007,Football,aabeelnrsx,Sophomore,71,200
2007,Football,aabeilnrt,Sophomore,76,280
2007,Football,bchhilmors,Sophomore,76,255
2007,Football,aabhnnortuw,Sophomore,77,300
2007,Football,cdghiiloooorstuu,Sophomore,70,185
2007,Football,adefjnnoorry,Sophomore,76,215
2007,Football,abeegiikllosuwx,Sophomore,78,280
2007,Football,abhkoorrt,Sophomore,77,220
2007,Football,eiikmrrv,Sophomore,68,170
2007,Football,aejkkoruy,Sophomore,74,280
2007,Football,aeemmrsstt,Sophomore,76,226
2007,Football,beeillmnr,Sophomore,75,255
2007,Football,aademmnoy,Sophomore,73,185
2007,Football,abmnnnoorsy,Sophomore,77,260
2007,Football,aacikmnoprrt,Sophomore,77,295
2007,Football,aaghijlnoopr,Sophomore,73,210
2007,Football,aaadenppprsw,Sophomore,73,225
2007,Football,deeehjnnoprs,Sophomore,79,280
2007,Football,aeeeijllnoprst,Sophomore,73,185
2007,Football,aaehlmnptt,Sophomore,74,225
2007,Football,ehiillppssw,Junior,70,165
2007,Football,eeegiijnrsss,Sophomore,75,222
2007,Football,aeprtuw,Sophomore,NA,215
2007,Football,beegilns,Junior,73,180
2007,Football,ciikmmnnoss,Sophomore,74,260
2007,Football,abcehilmst,Sophomore,74,230
2007,Football,acehilnrssty,Sophomore,72,184
2007,Football,addgnortt,Junior,72,185
2007,Football,aadelnnoorrstvy,Sophomore,73,195
2007,Football,aaaccellmrsuw,Sophomore,75,215
2007,Football,aadhlnsw,Sophomore,72,220
2007,Football,aaeiillmnssw,Sophomore,75,225
2007,Football,aeglnouxy,Sophomore,77,195
2007,Football,egjnoouy,Sophomore,75,280
2008,Football,aabcefhnrst,Freshman,72,230
2008,Football,abddeilnrww,Freshman,71,185
2008,Football,aaaabgilmtttt,Freshman,75,244
2008,Football,abeiklrsx,Freshman,75,225
2008,Football,abddegillovw,Freshman,77,295
2008,Football,bbddefhooort,Freshman,73,205
2008,Football,accdeehrrsttu,Freshman,76,255
2008,Football,adeffghmnou,Freshman,74,205
2008,Football,aeeillnsv,Freshman,74,285
2008,Football,aabfinrrrsy,Freshman,75,215
2008,Football,eefffjll,Freshman,77,286
2008,Football,acefffilmnor,Freshman,73,215
2008,Football,aabceeghiillmr,Freshman,74,270
2008,Football,aceeghimrrs,Sophomore,76,205
2008,Football,adghijorrszz,Freshman,75,205
2008,Football,aaaddhillnoswy,Freshman,74,200
2008,Football,aadehjnnorsy,Freshman,73,225
2008,Football,adeklnnrssu,Freshman,76,178
2008,Football,ehjkloosz,Freshman,73,235
2008,Football,cegiklnorru,Freshman,75,300
2008,Football,aaccejkmrry,Freshman,72,190
2008,Football,ceeeiikmmnnry,Freshman,76,280
2008,Football,chiimorrrss,Freshman,74,175
2008,Football,eemorswy,Freshman,72,205
2008,Football,adhiloppstuu,Freshman,72,185
2008,Football,ccdeehiiknnrs,Freshman,75,220
2008,Football,ccehillmmnnost,Freshman,72,195
2008,Football,deeeillprrs,Freshman,74,275
2008,Football,aeejkllorst,Freshman,76,260
2008,Football,aaehlmostx,Freshman,69,195
2008,Football,aaccjkkmnoosw,Senior,78,255
2009,Football,bbbciillno,Fr.,71,180
2009,Football,abcdhjnnnooprtuux,Fr.,72,206
2009,Football,aacdeijllnnoopr,Fr.,73,215
2009,Football,aaccdegiillmorr,Fr.,73,215
2009,Football,cillnoorsy,Fr.,76,240
2009,Football,acdffiiknn,Fr.,74,245
2009,Football,aadeillnsv,Fr.,74,240
2009,Football,accdeehrrsttu,So.,76,275
2009,Football,cdehiloorsy,Fr.,74,260
2009,Football,aaddeklnry,Fr.,75,215
2009,Football,ddenoruz,Fr.,71,180
2009,Football,aabflnory,Fr.,75,200
2009,Football,aabdeeefgilnnrrz,So.,72,277
2009,Football,aaehillnrrs,Fr.,73,195
2009,Football,aeghiklrtuw,Fr.,79,290
2009,Football,aceehhllmorss,Fr.,75,240
2009,Football,aeehikmnprtu,Fr,69,160
2009,Football,ehijmnsstuy,Fr.,77,285
2009,Football,adeeffjjnnoorrs,Fr.,75,225
2009,Football,aackkmorrz,Fr.,75,230
2009,Football,abeeffillnrr,Fr.,72,221
2009,Football,aeffjmrrs,Fr.,75,290
2009,Football,acehilllmw,Fr.,73,225
2009,Football,acehiiilnopppp,Fr.,70,175
2009,Football,eeikllnprrsssu,Fr.,72,175
2009,Football,ehjnooprsw,Fr.,72,195
2009,Football,aceilpru,Sr.,74,240
2009,Football,hjknnoru,Fr.,75,205
2009,Football,deeekllrrssu,Fr.,73,180
2009,Football,chhiimrsst,Fr.,71,190
2009,Football,aaijossv,Fr.,69,180
2009,Football,abilorstty,Fr.,72,198
2009,Football,eeklmorrsttttuy,Fr.,70,170
2009,Football,abcelorrtyy,Jr,71,190
2009,Football,aceeffilmnrtv,Fr.,75,215
2009,Football,aciillmossttw,Fr.,74,210
2009,Football,aciikprtttw,So.,76,220
2010,Football,abeeklnorty,Fr.,70,180
2010,Football,aacdeehilmnnors,Jr.,75,245
2010,Football,abcdhirrsy,Fr.,72,202
2010,Football,bckklouu,Fr.,75,220
2010,Football,aceegglnrrs,Fr.,72,182
2010,Football,cehikotty,Fr.,74,215
2010,Football,aadeefllnrsx,Fr.,73,148
2010,Football,aefhmnnrruy,Fr.,75,190
2010,Football,aeginsvw,Fr.,77,275
2010,Football,aaabeeghhrrrstt,Fr.,69,170
2010,Football,aceeehillmnnu,"Fr,",79,220
2010,Football,acgiijklnoorsu,Fr.,73,186
2010,Football,aaailmnnooptx,Fr.,71,170
2010,Football,aabeeiknnnowz,Fr.,72,220
2010,Football,acikknnoo,Fr.,71,174
2010,Football,eeehhijmnnooppr,Fr.,72,260
2010,Football,aabeilnpu,Fr.,75,225
2010,Football,eeenooprrrsttv,Fr.,74,235
2010,Football,aaddellnnor,Fr.,68,175
2010,Football,aacdeimnnoqrsstu,Fr.,69,155
2010,Football,aeeejkmnoss,Fr.,73,150
2010,Football,aaeglnnrstty,Fr.,77,245
2010,Football,aaceeijlmorst,Fr.,76,270
2010,Football,abeeklrrrtu,Fr.,75,215
2010,Football,aaehhijlmost,Fr.,74,225
2010,Football,eehikltwy,Fr.,78,255
2010,Football,aehhijlnotww,Fr.,73,195
2010,Football,aaeiillmnssw,Sr.,75,230
2010,Football,aeeeiklnrttuwy,Fr.,76,230
2010,Football,aabdgiinnnorrrsty,Fr.,67,160
2011,Football,abcceehjkrt,So.,72,180
2011,Football,bghiknnnoosttuwy,Fr.,69,170
2011,Football,bckklouu,So.,75,225
2011,Football,abbceenrry,Fr.,77,275
2011,Football,aaceeklttyzz,Fr.,72,190
2011,Football,achiiillmmsw,Fr.,75,280
2011,Football,aacdiklmnno,Fr.,75,230
2011,Football,acejnowy,Fr.,74,225
2011,Football,accehkloors,Fr.,75,200
2011,Football,aadeehilnstv,Fr.,73,185
2011,Football,dhijnnnoou,Fr.,75,265
2011,Football,afikmnx,Fr.,73,215
2011,Football,aadfiknrsv,Fr.,76,245
2011,Football,cchiikorstv,Fr.,70,185
2011,Football,hjlntu,Fr.,72,205
2011,Football,eeehjnnoorsttv,Fr.,70,195
2011,Football,aehikkllsy,Fr.,72,205
2011,Football,aaceiklnstt,Fr.,69,165
2011,Football,aelmnrtuy,Fr.,74,210
2011,Football,eillmoorwy,So.,74,235
2011,Football,aamnoprt,Sr,77,290
2011,Football,aacikmprrrtuy,Fr.,74,210
2011,Football,aaailmnnooptx,So.,71,187
2011,Football,eeehhijmnnooppr,So,72,265
2011,Football,aabeilnpu,So.,75,240
2011,Football,ceeffghijmnsstt,Fr.,76,255
2011,Football,aaehhhjnnos,Fr.,74,265
2011,Football,aeeeehhkmnoprsst,Fr.,74,290
2011,Football,aaeillmnpstt,Fr.,77,230
2011,Football,aaennnrstyy,Fr.,75,230
2011,Football,aekmoprrst,Fr.,71,195
2011,Football,aaaghiillmnuvw,Fr.,73,205
2011,Football,aaacegllnrtw,Fr.,72,180
2012,Football,aaacehlmrtux,Fr.,67,165
2012,Football,aaalnortu,Fr.,75,194
2012,Football,aabcdeeehilmnrrz,Fr.,71,170
2012,Football,bceehinprstu,Fr.,76,231
2012,Football,aaceinrrsttu,Fr.,74,226
2012,Football,accehilmnoop,Fr.,71,183
2012,Football,aaabeeghhrrrstt,Jr.,69,153
2012,Football,aehhikktw,Fr.,72,169
2012,Football,eeggiiiikloorrr,Fr.,74,187
2012,Football,beiikllnno,Fr.,78,273
2012,Football,abceegiklrrrtz,Fr.,75,257
2012,Football,aeeilrsvwy,Fr.,77,197
2012,Football,aabeeiillnssttt,Fr.,73,210
2012,Football,egiikllnnoottu,Fr.,76,265
2012,Football,acghhmptu,Fr.,74,258
2012,Football,aabddeemnorr,Fr.,78,293
2012,Football,aaehlmnnoorsty,Fr.,75,194
2012,Football,aceeehiiklmr,Fr.,77,259
2012,Football,aadeilnnrstuu,Fr.,72,199
2012,Football,deekorrrss,Fr.,76,264
2012,Football,dinorssstu,Fr.,75,266
2012,Football,abehimnorttuw,Fr.,74,191
2012,Football,acglnoostt,Fr.,73,187
2012,Football,aehklmostu,Fr.,73,203
2012,Football,abehklmnoost,Fr.,74,224
2012,Football,acdeeffhlmnorrstuu,Fr.,73,196
2012,Football,aaaabdegklmnnruvv,Fr.,75,193
2012,Football,aaeglrrtvy,So.,71,220
2012,Football,aceiiillmrsw,Fr.,75,192
2013,Football,aabbddeeijmnnr,Fr.,76,265
2013,Football,aacdhiklnnno,Fr.,78,265
2013,Football,aaceinrrsttu,So.,74,226
2013,Football,aaceeklttyzz,Jr.,72,208
2013,Football,bceeiiilmnoorrst,Fr.,72,175
2013,Football,cehikotty,Sr.,74,225
2013,Football,cegiortuv,Fr.,75,235
2013,Football,adeefiilmnnors,Fr.,77,290
2013,Football,aeegilmnssy,Fr.,71,175
2013,Football,eeegnoprrst,Fr.,75,245
2013,Football,'aaadegimnrry,Fr.,69,175
2013,Football,aeehilnno,Fr.,75,225
2013,Football,aadehilrrs,Fr.,70,190
2013,Football,abehlmnorsy,Fr.,71,205
2013,Football,abeeinorsuv,Fr.,81,270
2013,Football,aaaceiikkkmrww,Fr.,74,215
2013,Football,acehijlnnnoo,Fr.,75,270
2013,Football,aadeiklnnrrw,So.,74,220
2013,Football,aaadimnorrsu,Fr.,72,210
2013,Football,aaceegilllmnrst,Fr.,67,161
2013,Football,acceeemmnnprss,Fr.,75,210
2013,Football,aaemmorstty,Fr.,78,240
2013,Football,acdfimnnorttu,Fr.,75,215
2013,Football,adeefklnooosuuy,Fr.,74,200
2013,Football,()aabceilnpu,Sr.,75,247
2013,Football,accdehilnrr,Fr.,71,190
2013,Football,beeiorrrst,Fr.,71,185
2013,Football,abegmnoorrrst,So.,75,210
2013,Football,abeikllnnoorsw,Fr.,75,205
2013,Football,achijknrsu,Fr.,77,275
2013,Football,ceeeiikmnprrssswyz,Fr.,72,185
2013,Football,chhiimrsst,Sr.,75,200
2013,Football,aacgijkllnnossst,Fr.,73,230
2013,Football,abeiknrssy,Fr.,74,200
2013,Football,acceehloprty,Fr.,75,280
2013,Football,aceiiillmrsw,So.,75,192
2014,Football,aaeijlnosss,Fr.,72,180
2014,Football,acddeeglory,Fr.,77,266
2014,Football,abdehilnnrwy,Fr.,76,191
2014,Football,abeeehmnoprrst,Fr.,74,204
2014,Football,abhjnnoort,Fr.,69,191
2014,Football,beejnnoyz,Fr.,77,287
2014,Football,abiillnrvwy,Fr.,72,173
2014,Football,aacdehlnnorsy,Fr.,71,193
2014,Football,aceghhjno,Fr.,75,278
2014,Football,aaceefhlppr,Fr.,72,192
2014,Football,acehilmrs,Fr.,74,236
2014,Football,accehillnoorsw,Fr.,75,271
2014,Football,adiiimnostw,Fr.,73,233
2014,Football,adlorrssw,Fr.,73,195
2014,Football,cefnoorruy,Fr.,77,241
2014,Football,aaadeeghjmnr,Fr.,76,219
2014,Football,aacdhhilnorsy,Fr.,76,253
2014,Football,behhijnnoru,Fr.,75,248
2014,Football,abehklnor,Fr.,73,178
2014,Football,aadeeghinnrsuz,Fr.,77,275
2014,Football,adehjnnnoorsw,Fr.,72,199
2014,Football,eeefhjknnoors,Fr.,74,213
2014,Football,aaabeillmmnn,Fr.,75,201
2014,Football,aacejkllmo,Fr.,71,186
2014,Football,aaabckklmrr,Fr.,77,256
2014,Football,deeeimnnorr,Fr.,74,219
2014,Football,aeeghilmnoprttw,Fr.,75,229
2014,Football,aadeehlnrsstw,Fr.,70,205
2014,Football,aaaceghiijlmrrssu,Fr.,75,205
2014,Football,aceehilmstw,Fr.,74,212
2014,Football,aceehhiiilllmoopprrsstwz,Fr.,72,185
2014,Football,aaehnosty,Fr.,77,197
2015,Football,aabeiknr,Fr.,77,220
2015,Football,aabeejlrrttt,Fr.,74,220
2015,Football,aabcdeeehilmnrrz,Sr.,70,176
2015,Football,abddeeeilnnr,Fr.,72,190
2015,Football,eeeklllnorsy,Fr.,70,185
2015,Football,eeeefinoprrstt,Fr.,77,245
2015,Football,aaadeglllnx,Fr.,74,185
2015,Football,aaehijlmnos,Fr.,77,260
2015,Football,beehiinnqrrttu,Fr.,73,225
2015,Football,behinos,So.,73,205
2015,Football,aadeeijlmns,Fr.,74,290
2015,Football,acegiijkkmnos,Fr.,75,210
2015,Football,bkllnnoorrsu,Fr.,76,245
2015,Football,aeghjlnor,Fr.,77,245
2015,Football,aceejkl,Fr.,78,290
2015,Football,aeeelmrsy,Fr.,77,280
2015,Football,acceiikklmnry,Fr.,73,190
2015,Football,aceehhillmoprrstwx,Fr.,74,215
2015,Football,cccdjmor,Fr.,72,180
2015,Football,deeeimnnorr,So.,74,235
2015,Football,eemoorrt,Fr.,75,190
2015,Football,eeklllmnuy,Fr.,76,240
2015,Football,aacehijlmnoss,Fr.,72,185
2015,Football,aagikmnnsuww,Fr.,70,200
2015,Football,aaknory,Fr.,76,225
2015,Football,cdeeiijloorrrv,Fr.,75,235
2015,Football,acnoopstttt,Fr.,75,200
2015,Football,aeeggimpqrssu,Fr.,71,176
2015,Football,aehjmnnorrtu,Fr.,78,210
2015,Football,aadeehlnrsstw,So.,70,212
2015,Football,abccdhijmost,Fr.,78,245
2015,Football,ehiimnnorstu,Fr.,74,235
2015,Football,aabcdefgijnortv,Fr.,77,285
2015,Football,iiijklmmnswy,Fr.,75,220
2015,Football,aeilprsswy,So.,72,180
2016,Football,acdillmmnoox,Fr.,73,180
2016,Football,aaaallmnr,Fr.,69,185
2016,Football,aabegijllnru,Fr.,72,170
2016,Football,agiklnrrstuw,Fr.,74.5,200
2016,Football,acdeeghinnrr,Fr.,70,180
2016,Football,aaceefjkrstw,Fr.,74,205
2016,Football,bdeeikklnru,Fr.,75,180
2016,Football,abeknrruy,Fr.,73,220
2016,Football,aabbeeeggnosty,Fr.,72,200
2016,Football,aabdilnnor,Fr.,74,200
2016,Football,eeeghlnrsy,Fr.,71,180
2016,Football,aabcdeeehmnnpr,Fr.,73,205
2016,Football,aaabdeeeeillnrtx,Fr.,74,220
2016,Football,adinnnoqsuw,Fr.,76,225
2016,Football,aeglnouxy,Fr.,71,185
2016,Football,aacekmmnrstu,Fr.,72,185
2016,Football,aaceeehimnprstt,Fr.,76,257
2016,Football,aeeehjklorsu,Fr.,74,300
2016,Football,aaefijlnrrsu,Fr.,74,270
2016,Football,deeeeeiilnrst,Fr.,76,296
2016,Football,abbceillrstu,Fr.,77,270
2016,Football,eeghilnorrrssttt,Fr.,77,270
2016,Football,eejnostttx,Fr.,80,280
2016,Football,aaceeeilnpstv,Fr.,75,270
2016,Football,deeimnoorv,Fr.,77,225
2016,Football,aeeghirrtttw,Fr.,74,210
2016,Football,fhhijops,Fr.,73,190
2016,Football,aaccdeeehlllnrrs,Fr.,74,215
2016,Football,aabcceehmmttw,Fr.,76,233
2016,Football,aeeiklnsss,Fr.,76,230
2016,Football,aaemmorstty,Sr.,78,254
2017,Football,aacdgiinnnoorrrrt,Fy.,74,179
2017,Football,eeiiilmnorsuv,Fy.,69,175
2017,Football,acceiknoprtt,Fy.,77,240
2017,Football,abdeillnnnoorrs,Fy.,70,175
2017,Football,aacdejnorry,Fy.,71,201
2017,Football,aekllorttw,Fy.,75,230
2017,Football,ccehijkmmy,Fy.,76,215
2017,Football,deeehnnnoost,Fy.,69,162
2017,Football,aeeghilmnoprttw,Sr.,75,242
2017,Football,aaacdhiimnorw,Fy.,72,232
2017,Football,aceehijlmprruvy,Fy.,70,210
2017,Football,aahimmnossstv,Fy.,72,210
2017,Football,adehmnoorsty,Fy.,72,180
2017,Football,addeeknuz,Fy.,69,190
2017,Football,aaabdeeeeillnrtx,So.,73,220
2017,Football,aacehiilmnnoprsstt,Fy.,75,240
2017,Football,abehiklll,Fy.,73,226
2017,Football,aajnry,Fy.,73,241
2017,Football,adehjnno,Fy.,74,230
2017,Football,aaabhhnoss,Fy.,76,251
2017,Football,aabceehllmnpt,Fy.,76,230
2017,Football,aaceeehimnprstt,So.,76,281
2017,Football,acceehhiilmm,Fy.,73,263
2017,Football,aaefijlnrrsu,So.,74,264
2017,Football,abchhiijnos,Fy.,74,285
2017,Football,aaeggilnnrt,Fy.,79,325
2017,Football,ejlorstty,Fy.,78,288
2017,Football,deeeeeiilnrst,So.,76,300
2017,Football,aacdeefilmnorrw,Fy.,77,274
2017,Football,adhjjlnow,Fy.,78,252
2017,Football,aadjmmnoorr,Fy.,77,224
2009,Hockey,adeeffjnnors,Jr.,74,205
2009,Hockey,aabcekllmoorr,Sr.,69,165
2009,Hockey,aaabcekmnns,Sr.,68,165
2009,Hockey,abchhjlos,Fr.,69,180
2009,Hockey,abbeilllsy,Sr.,72,190
2009,Hockey,abcceehklorrstt,So.,68,170
2009,Hockey,addgimnort,Sr.,71,188
2009,Hockey,aaddlnnory,Sr.,75,220
2009,Hockey,ccdeiklnou,Fr.,74,210
2009,Hockey,deehijknsssu,Fr.,73,205
2009,Hockey,aaciijkkknosw,So.,70,190
2009,Hockey,adeeeknnnryy,Jr.,73,192
2009,Hockey,aaaeeegiilnnnort,Fr.,76,190
2009,Hockey,beeiiklmnrtv,So.,69,174
2009,Hockey,bceillortt,Jr.,69,165
2009,Hockey,aceffjllmmo,Fr.,74,179
2009,Hockey,accciiikmnr,Fr.,74,210
2009,Hockey,aiijmmmnrty,Jr.,69,185
2009,Hockey,aabdemnnnors,Jr.,71,185
2009,Hockey,aaceikkmmtz,Jr.,72,195
2009,Hockey,adeeillmnrrw,Fr.,69,165
2009,Hockey,'abeiillnnor,So.,69,165
2009,Hockey,adnoott,So.,68,175
2009,Hockey,eeeiklnpv,So.,69,165
2009,Hockey,aadennorruy,Jr.,NA,180
2009,Hockey,eeikknnorsttw,Jr.,73,195
2009,Hockey,acdeeghilrz,So.,74,195
2010,Hockey,aegiknnnoosty,Fr.,71,195
2010,Hockey,adeeffjnnors,Sr.,74,210
2010,Hockey,abbciilnnnooorstu,Fr.,71,191
2010,Hockey,abcceehklorrstt,Jr.,68,170
2010,Hockey,acchhiillrs,Sr,70,180
2010,Hockey,ccdeiklnou,So.,74,220
2010,Hockey,aaciijkkknosw,Jr.,70,181
2010,Hockey,beeiiklmnrtv,Jr.,69,177
2010,Hockey,aceffjllmmo,So.,74,185
2010,Hockey,aabdemnnnors,Sr.,71,185
2010,Hockey,'abeiillnnor,Jr.,69,170
2010,Hockey,adnoott,Jr.,68,175
2010,Hockey,eeeiklnpv,Jr.,69,165
2010,Hockey,abdelprtz,Fr.,72,171
2010,Hockey,eejoorsst,Fr.,72,185
2010,Hockey,ggnosuuy,Fr.,74,207
2010,Hockey,acdeeghilrz,Jr.,74,205
2011,Hockey,abbciilnnnooorstu,So.,71,191
2011,Hockey,abccceeinnoorrtt,Fr.,72,195
2011,Hockey,aadhnnotyy,Fr.,69,175
2011,Hockey,aefllmmnoty,Fr.,69,175
2011,Hockey,aaiikllmntt,Fr.,73,200
2011,Hockey,adnoott,Sr.,68,175
2011,Hockey,efflnoorrttu,Fr.,71,170
2011,Hockey,aadelrwx,Fr.,72,180
2011,Hockey,abceeghilnorsw,Fr.,68,160
2011,Hockey,cilnnnooorsw,Fr.,70,170
2012,Hockey,aabeeehimttttw,Fr.,75,190
2012,Hockey,abbciilnnnooorstu,Jr.,71,191
2012,Hockey,accenoooprrs,Fr.,71,182
2012,Hockey,ccdeiklnou,Sr.,74,220
2012,Hockey,aaaeeegiilnnnort,Sr.,76,215
2012,Hockey,acddeelnory,Fr.,69,175
2012,Hockey,'aabgoorr,Fr.,76,205
2012,Hockey,abchiknoorsuwy,Fr.,73,185
2012,Hockey,aceehilorrsttz,Fr.,76,215
2012,Hockey,ilnosstuw,Fr.,70,170
2012,Hockey,cehiikmttw,Fr.,73,205
2013,Hockey,beimnnort,Fr.,69,175
2013,Hockey,accenoooprrs,So.,71,191
2013,Hockey,aaacdefhiiiknrr,Fr.,74,218
2013,Hockey,deehikmorty,Fr.,71,170
2013,Hockey,adehhjnnoy,Fr.,75,210
2013,Hockey,achiiiilmnrrsz,Fr.,70,185
2013,Hockey,acddeelnory,So.,69,175
2013,Hockey,aellnoxy,Fr.,73,200
2013,Hockey,'adeeefkno,Fr.,75,205
2013,Hockey,abchiknoorsuwy,So.,73,185
2013,Hockey,aceehilorrsttz,So.,76,223
2013,Hockey,aaciknopprst,Fr.,73,180
2013,Hockey,ilnosstuw,So.,70,170
2013,Hockey,cehiikmttw,So.,73,205
2014,Hockey,abcchijnooo,Fr.,68,170
2014,Hockey,beimnnort,So.,69,175
2014,Hockey,aaacdefhiiiknrr,So.,74,218
2014,Hockey,deehikmorty,So.,71,170
2014,Hockey,aehhnrrty,Fr.,67,155
2014,Hockey,adehhjnnoy,So.,75,210
2014,Hockey,accchhiknorty,Fr.,70,170
2014,Hockey,achiiiilmnrrsz,So.,70,185
2014,Hockey,aaadiklmnr,Fr.,72,182
2014,Hockey,aellnoxy,So.,73,200
2014,Hockey,'adeeefkno,So.,75,205
2014,Hockey,aeeeknnprsty,Fr.,71,180
2014,Hockey,aaciknopprst,So.,73,180
2015,Hockey,accehiilrrtu,Fr.,72,192
2015,Hockey,aadegnrsuw,Fr.,72,185
2015,Hockey,adehrtt,Fr.,73,185
2015,Hockey,iijkmooprstw,Fr.,74,190
2015,Hockey,eeijlnosvy,Fr.,69,165
2015,Hockey,aaciknopprst,Jr.,73,195
2015,Hockey,acekmrstu,Fr.,74,180
2015,Hockey,aahhlnnostwy,Fr.,69,180
2016,Hockey,aeflmotty,Fr.,73,195
2016,Hockey,beeeillswyyz,Fr.,74,204
2016,Hockey,'diillorsw,Fr.,71,180
2016,Hockey,bbdeeiimnoorst,Fr.,69,170
2016,Hockey,aacdddehillnnnrrst,Fr.,72,195
2016,Hockey,aehimnstv,Fr.,72,190
2016,Hockey,cehhiillmmstt,Fr.,71,185
2016,Hockey,abcchijnooo,Jr.,68,175
2016,Hockey,eeeklnsstuv,Fr.,77,205
2016,Hockey,abcceiikknoprrsz,Fr.,75,185
2017,Hockey,aabehimnrsttw,Fy.,72,195
2017,Hockey,aaccdeelnopt,Fy.,71,185
2017,Hockey,'eeiiklnnov,Fy.,71,175
2017,Hockey,eehllrstwy,Fy.,69,165
2017,Hockey,ehiklmpp,Fy.,75,200
2017,Hockey,beeejllrttw,Fy.,74,195
2017,Hockey,aaabcchilmnnos,Fy.,74,185
2009,Lacrosse,adeejlmnoorr,Sr.,75,190
2009,Lacrosse,aaclnnoorssu,Jr.,71,175
2009,Lacrosse,bbbeenorrry,So.,71,175
2009,Lacrosse,abdennorrww,So.,69,155
2009,Lacrosse,aacceiklmnoprt,Jr.,74,175
2009,Lacrosse,aacddeinorrw,Fr.,70,190
2009,Lacrosse,aacflnooosst,Jr.,73,188
2009,Lacrosse,accdehlloost,Jr.,70,160
2009,Lacrosse,ddeeemnoprrst,Fr.,71,190
2009,Lacrosse,abdkkmoorrsy,So.,71,180
2009,Lacrosse,aabdgilnorssu,Jr.,72,170
2009,Lacrosse,aaacefhhjlnnnoot,Jr.,72,185
2009,Lacrosse,aacefhjklrty,Jr.,75,195
2009,Lacrosse,aeeflorrxy,Jr.,72,180
2009,Lacrosse,acfhmsttu,Sr.,73,190
2009,Lacrosse,aeegnrsttu,Sr.,72,190
2009,Lacrosse,abbdeginnnors,Sr.,71,200
2009,Lacrosse,abgimnostt,So.,70,175
2009,Lacrosse,abdeffgiijmnnor,So.,68,175
2009,Lacrosse,aceeghimrrs,Jr.,76,205
2009,Lacrosse,ghiloprss,Fr.,73,190
2009,Lacrosse,eehjnnooprst,Fr.,73,185
2009,Lacrosse,aacehilllnopps,Jr.,73,180
2009,Lacrosse,acehiiillmnp,Fr.,72,175
2009,Lacrosse,aegghmnoorryy,So.,68,175
2009,Lacrosse,aaccccehiklmmmor,Fr.,69,180
2009,Lacrosse,aacceehllmnstv,Jr.,73,205
2009,Lacrosse,aeillmmrtt,So.,75,200
2009,Lacrosse,aacehilmprtt,So.,69,170
2009,Lacrosse,aadmmnorx,Sr.,73,200
2009,Lacrosse,aaeeiijlmrsvy,Fr.,69,170
2009,Lacrosse,adeegilnpprstu,Fr.,72,175
2009,Lacrosse,ciilllnost,So.,76,205
2009,Lacrosse,aceeeehilmnswy,So.,75,220
2009,Lacrosse,ciiknorsstu,Sr.,72,170
2009,Lacrosse,aabeklnrrwy,Fr.,77,220
2009,Lacrosse,aceeeglory,Fr.,69,180
2009,Lacrosse,bdiikllrryz,Fr.,72,183
2010,Lacrosse,aabcejkmors,Fr.,69,165
2010,Lacrosse,acfijmmrty,Fr.,72,185
2010,Lacrosse,ddeeemnoprrst,So.,71,190
2010,Lacrosse,aaaddeejlmpr,Fr.,76,200
2010,Lacrosse,aceeghimrrs,Sr.,76,205
2010,Lacrosse,adegillnnsvy,Fr.,69,185
2010,Lacrosse,acegijklnoos,Fr.,70,175
2010,Lacrosse,aaabdgmnnnnor,Fr.,74,175
2010,Lacrosse,aacchmnrrtyy,Fr.,72,190
2010,Lacrosse,aceejkmry,Fr.,74,195
2010,Lacrosse,aeffilmotx,Fr.,74,180
2010,Lacrosse,aeeloortx,Fr.,70,155
2010,Lacrosse,adeefhlnnnorrstu,Fr.,75,200
2010,Lacrosse,bdiikllrryz,So.,72,183
2011,Lacrosse,aeklnnoorsu,Sr.,71,175
2011,Lacrosse,abddeeirttv,Fr.,71,185
2011,Lacrosse,abceelllnu,Fr.,72,175
2011,Lacrosse,acfijmmrty,So.,72,185
2011,Lacrosse,adeeeeiiillmorrs,Fr.,72,180
2011,Lacrosse,acefhillnorty,Fr.,74,185
2011,Lacrosse,bdeffginor,Sr.,68,175
2011,Lacrosse,hjlntu,Fr.,72,205
2011,Lacrosse,eehjnnooprst,Jr.,73,185
2011,Lacrosse,aacchhkkrrruyyz,Fr.,72,195
2011,Lacrosse,acegijklnoos,So.,70,175
2011,Lacrosse,aegghmnory,Sr.,68,175
2011,Lacrosse,aaceeilnrt,Fr.,72,180
2011,Lacrosse,abbccdeeknoorr,Fr.,73,180
2011,Lacrosse,aadghijnnor,Fr.,71,185
2011,Lacrosse,aaaeeeehknprsss,Fr.,69,176
2011,Lacrosse,ciilllnost,Sr.,76,205
2011,Lacrosse,aehhnnnoorstt,Fr.,70,175
2011,Lacrosse,aaeejjkmnrsst,Fr.,67,160
2011,Lacrosse,aabeklnrrwy,Jr.,77,220
2011,Lacrosse,bdiikllrryz,Jr.,72,183
2012,Lacrosse,abehjmnoors,Jr.,69,165
2012,Lacrosse,abddeeirttv,So.,71,188
2012,Lacrosse,aabcccehiilmno,Fr.,70,160
2012,Lacrosse,abceelllnu,So.,72,185
2012,Lacrosse,aacehnrrs,Fr.,76,185
2012,Lacrosse,aacddeinorrw,Sr.,70,175
2012,Lacrosse,acfijmmrty,Jr.,72,190
2012,Lacrosse,adeeeeiiillmorrs,So.,72,180
2012,Lacrosse,acefhillnorty,So.,73,190
2012,Lacrosse,acgiiiklmnr,Fr.,73,195
2012,Lacrosse,ghiilopprss,Sr.,72,180
2012,Lacrosse,eehjnnooprst,Sr.,73,190
2012,Lacrosse,aaceeehiklmsy,Fr.,71,175
2012,Lacrosse,aacchhkkrrruyyz,So.,72,195
2012,Lacrosse,aaeehjlnnot,Fr.,69,160
2012,Lacrosse,adegillnnsvy,Jr.,70,185
2012,Lacrosse,acehiiillmnp,Sr.,72,180
2012,Lacrosse,acegijklnoos,Jr.,70,190
2012,Lacrosse,aacchmnrrtyy,Jr.,72,185
2012,Lacrosse,aaccccehiklmmmor,Sr.,69,170
2012,Lacrosse,cegjmnorvw,Fr.,73,180
2012,Lacrosse,aeffilmotx,Jr.,75,180
2012,Lacrosse,aaceeilnrt,So.,72,195
2012,Lacrosse,aeillnnorty,Fr.,73,185
2012,Lacrosse,abbccdeeknoorr,So.,73,190
2012,Lacrosse,aadeeelnoorrtx,Jr.,70,160
2012,Lacrosse,acehiilmnnqu,Fr.,74,190
2012,Lacrosse,aadghijnnor,So.,71,190
2012,Lacrosse,aaeeehjnnorst,Fr.,74,205
2012,Lacrosse,aaaeeeehknprsss,So.,69,175
2012,Lacrosse,abbeikmrsx,Fr.,73,195
2012,Lacrosse,adeegilnpprstu,Sr.,72,185
2012,Lacrosse,aehhnnnoorstt,So.,70,175
2012,Lacrosse,bdiikllrryz,Sr.,72,185
2013,Lacrosse,abceejknry,Fr.,74,180
2013,Lacrosse,abceeehilrrtt,Fr.,73,180
2013,Lacrosse,abddeeirttv,Jr.,71,188
2013,Lacrosse,aabceffiijlmst,Fr.,72,190
2013,Lacrosse,deghilnruy,Fr.,72,170
2013,Lacrosse,aceeghhiiknoprrstt,Fr.,73,205
2013,Lacrosse,aadefhjllnorsz,Fr.,69,170
2013,Lacrosse,aaaciimmnrty,Fr.,73,175
2013,Lacrosse,aabinprrtt,Fr.,68,170
2013,Lacrosse,ccehnoorrs,Fr.,75,215
2013,Lacrosse,acchnnooorty,Fr.,70,180
2013,Lacrosse,accinoorstu,Fr.,70,170
2013,Lacrosse,cceiorstt,Fr.,71,185
2014,Lacrosse,aaeijlnosss,Fr.,72,180
2014,Lacrosse,adffhhilpru,Fr.,68,150
2014,Lacrosse,eejnnoosw,Fr.,73,180
2014,Lacrosse,aeiklllmy,Fr.,75,195
2014,Lacrosse,acceikmnoor,Fr.,73,205
2014,Lacrosse,aeehmnoprty,Fr.,67,170
2014,Lacrosse,aacdeimnqruy,Fr.,76,210
2014,Lacrosse,adeelmnryy,Fr.,73,175
2014,Lacrosse,'cejnnooorrry,Fr.,74,190
2014,Lacrosse,acehiilmnnqu,Jr.,74,190
2014,Lacrosse,beeeenrsv,Fr.,74,180
2014,Lacrosse,biillnnoorsw,Fr.,71,185
2014,Lacrosse,aeelnrrrtwy,Fr.,71,185
2015,Lacrosse,abbeeiilnrsttuu,Fr.,72,180
2015,Lacrosse,aabcccehiilmno,Sr.,70,160
2015,Lacrosse,accehnorty,Fr.,72,195
2015,Lacrosse,adegghiijlnnos,Fr.,73,205
2015,Lacrosse,aadhmnorstu,Fr.,76,195
2015,Lacrosse,deforstt,Fr.,70,180
2015,Lacrosse,aadefhjllnorsz,Jr.,69,185
2015,Lacrosse,aabcdeeikmnnr,Fr.,74,200
2015,Lacrosse,beemnooorrty,Fr.,76,195
2015,Lacrosse,aadgllopsuu,Fr.,73,215
2015,Lacrosse,aeehjopssss,Fr.,65,155
2015,Lacrosse,abdeennnoorry,Fr.,70,165
2015,Lacrosse,acghijkt,Fr.,70,180
2015,Lacrosse,acehiillnoosvy,Fr.,72,185
2016,Lacrosse,abcjknnoorstu,Fr.,73,185
2016,Lacrosse,bdilnoorswy,Fr.,75,250
2016,Lacrosse,accellorstu,Fr.,72,190
2016,Lacrosse,eeiillltwwz,Fr.,72,195
2016,Lacrosse,acijkllmnoorrs,Fr.,73,185
2016,Lacrosse,aabdinrrw,Fr.,71,170
2016,Lacrosse,aeiillmnrwz,Fr.,72,200
2016,Lacrosse,aiillllnsuvw,Fr.,72,195
2016,Lacrosse,ccehnoorrs,Sr.,75,215
2016,Lacrosse,cceilnnoortuy,Fr.,70,170
2016,Lacrosse,aadegmtttu,Fr.,73,220
2016,Lacrosse,aadehinnsy,Fr.,73,185
2016,Lacrosse,aaeilmsst,Fr.,70,172
2017,Lacrosse,abeiilnnrtv,Fy,71,185
2017,Lacrosse,affghiimnorst,Fy,73,210
2017,Lacrosse,eillnrwz,So.,72,200
2017,Lacrosse,aaddehlnnors,Fy,71,190
2017,Lacrosse,aacjkrrst,Fy,73,190
2017,Lacrosse,accdhhiklrsuz,Fy,71,175
2017,Lacrosse,acefhikrs,Fy,73,205
2017,Lacrosse,acchiinopprrst,Fy,73,200
2017,Lacrosse,aabceillrrw,Fy,72,200
2017,Lacrosse,cceilnnoortuy,So.,70,170
2017,Lacrosse,eeeillnrstvy,Fy,72,200
2017,Lacrosse,affgghiiinrrrty,Fy,70,170
2017,Lacrosse,ceiiklnovy,So,72,180
2017,Lacrosse,aaceijkmtt,Fy,72,185
2017,Lacrosse,abcceehhklsu,Fy,71,195
2003,Soccer,aabejlrsty,Sr.,68,145
2003,Soccer,aaaeiklmnsstt,So.,72,180
2003,Soccer,bchjkloos,Fr.,67,140
2003,Soccer,beggiooorrttuz,Fr.,72,161
2003,Soccer,abhknnnooorss,So.,71,160
2003,Soccer,bijnnorsttuu,Sr.,68,140
2003,Soccer,acegglnorrs,Fr.,73,185
2003,Soccer,aaaceeillnnrs,Sr.,74,185
2003,Soccer,cceeehkllnoprst,So.,69,165
2003,Soccer,aaddeelnrwy,Jr.,71,175
2003,Soccer,accfhiknnort,Fr.,71,160
2003,Soccer,aegghills,Fr.,70,150
2003,Soccer,effgghillnnooot,Sr.,77,195
2003,Soccer,aeeijkllmr,Fr.,73,195
2003,Soccer,aeimnorrrssyy,So.,68,152
2003,Soccer,aelmnnsux,Fr.,73,165
2003,Soccer,aciiilloopsu,So.,71,170
2003,Soccer,aabdlnorruyy,Jr.,71,155
2003,Soccer,adeegijnorrr,Fr.,71,175
2003,Soccer,abbeinorrrst,Sr.,73,165
2003,Soccer,aadeginoorrruz,Jr.,65,135
2003,Soccer,aeklnoru,Sr.,73,170
2003,Soccer,aceijkklnos,Jr.,72,185
2003,Soccer,aaeejmrssttw,Fr.,71,159
2003,Soccer,aeennostv,Fr.,70,155
2003,Soccer,aaaacilmmnorrtv,So.,68,160
2003,Soccer,cehillrssw,Sr.,72,175
2003,Soccer,adeiiilllmnsswy,Jr.,69,150
2004,Soccer,aacegijmrs,Fr.,69,165
2004,Soccer,eeeggiikrr,Fr.,74,180
2004,Soccer,acijkoortv,So.,73,180
2004,Soccer,aaemmnnttw,Fr.,68,150
2004,Soccer,adehllnwwyyy,Fr.,69,170
2005,Soccer,aaaefhilsx,Fr.,74,175
2005,Soccer,aabdegilnsv,Fr.,67,150
2005,Soccer,acjlnoors,Fr.,70,145
2005,Soccer,eeglrstuy,Fr.,67,145
2005,Soccer,aegiiklnsuxz,Fr.,73,180
2005,Soccer,aacjkkmnorssu,Fr.,69,165
2005,Soccer,aadeillmnor,Fr.,74,175
2005,Soccer,aaafiknprst,Fr.,71,175
2005,Soccer,adehmorsx,Fr.,72,175
2006,Soccer,acchiiklrstuv,Fr.,72,185
2006,Soccer,aaceglnosy,Fr.,68,140
2006,Soccer,aeeillmprtt,Jr.,72,175
2006,Soccer,eeiknoppv,Fr.,72,180
2006,Soccer,aabddjlnoorruy,Fr.,70,155
2006,Soccer,gijnnosstu,Fr.,67,140
2007,Soccer,acchiilmnnorst,Fr.,70,160
2007,Soccer,aaadeefhinnnrry,Fr.,74,165
2007,Soccer,ceeeimrry,Fr.,72,155
2007,Soccer,adeeelnoprst,Fr.,74,155
2007,Soccer,abdeorrs,Jr.,69,160
2007,Soccer,aaabeeinrrssst,Fr.,69,143
2007,Soccer,adehnnorsty,Fr.,70,150
2008,Soccer,abeeeikmnnsst,Freshman,69,165
2008,Soccer,acehkmstty,Freshman,74,190
2008,Soccer,cdeehinnnrs,Freshman,73,170
2008,Soccer,aacdilllmorsu,Freshman,74,185
2008,Soccer,aaabcdhhknrty,Freshman,73,185
2008,Soccer,aeehhjmnopss,Freshman,71,165
2008,Soccer,aeilmmss,Sophomore,67,150
2008,Soccer,aceehiillnr,Freshman,76,190
2008,Soccer,aacehiilprrs,Freshman,76,185
2008,Soccer,amopsst,Senior,71,145
2009,Soccer,abcmorrsstttu,Fr.,68,155
2009,Soccer,eeeiknnoprstv,Fr.,70,155
2009,Soccer,aafhknrsw,Fr.,72,170
2009,Soccer,aabbbhlmnoty,Fr.,77,195
2009,Soccer,aaciilmnt,Fr.,76,200
2009,Soccer,abilnortwy,Fr.,73,190
2009,Soccer,aadghiinrrtw,Fr.,67,145
2010,Soccer,aceiklnrs,Fr.,72,155
2010,Soccer,eefjnnorx,Fr.,72,175
2010,Soccer,abceejnooprst,Fr.,70,175
2010,Soccer,cceehkkorrtu,Fr.,70,155
2010,Soccer,aaceikmmnnrx,Fr.,70,145
2010,Soccer,abelmostz,Fr.,77,195
2010,Soccer,cdiiklnoswy,Fr.,73,170
2011,Soccer,abeeeilmprt,Fr.,67,145
2011,Soccer,abbeklnorw,Fr.,76,185
2011,Soccer,abccceehhlnnnorru,Fr.,74,170
2011,Soccer,aacehiikklmnv,Fr.,73,170
2011,Soccer,aceimmorx,Fr.,70,155
2012,Soccer,bdehiknot,Fr.,72,165
2012,Soccer,acegiklnrsuz,Fr.,70,155
2012,Soccer,deeeilorrtty,Fr.,71,160
2012,Soccer,aabeillnoopps,Fr.,75,200
2012,Soccer,ehiiilppppr,Fr.,75,170
2012,Soccer,aacehrrstvwyz,Fr.,68,150
2012,Soccer,aaciilmnt,Sr.,76,200
2012,Soccer,aceghimnrtw,Fr.,73,195
2013,Soccer,abceehhlnrrty,Fr.,68,150
2013,Soccer,abeeeilmprt,Jr.,67,145
2013,Soccer,abcmorrsstttu,Sr.,68,155
2013,Soccer,bdehiknot,So.,72,165
2013,Soccer,abbeklnorw,Jr.,76,190
2013,Soccer,ackmoox,Fr.,75,190
2013,Soccer,acegiklnrsuz,So.,70,155
2013,Soccer,deeeilorrtty,So.,71,160
2013,Soccer,aabeillnoopps,So.,75,200
2013,Soccer,aacdeefghkllnrrstuy,Fr.,70,165
2013,Soccer,eefjnnorx,Sr.,72,175
2013,Soccer,abceejnooprst,Sr.,70,175
2013,Soccer,acdeiikkmnorrz,Fr.,72,180
2013,Soccer,cceehkkorrtu,Sr.,70,155
2013,Soccer,abccceehhlnnnorru,Jr.,74,170
2013,Soccer,aaceikmmnnrx,Sr.,70,145
2013,Soccer,aacehiikklmnv,Jr.,73,170
2013,Soccer,eehimnossu,So.,74,175
2013,Soccer,ehiiilppppr,So.,75,170
2013,Soccer,aacehrrstvwyz,So.,68,150
2013,Soccer,aimnnoprssy,Fr.,72,175
2013,Soccer,aceghimnrtw,So.,73,195
2013,Soccer,cdiiklnoswy,Sr.,73,170
2013,Soccer,aaaailmntty,So.,69,160
2014,Soccer,adeilnosuw,Fr.,70,160
2014,Soccer,eeiiilllnos,Fr.,75,185
2014,Soccer,aacejlnosstu,Fr.,66,155
2014,Soccer,aaceehiiknnnr,Fr.,70,130
2014,Soccer,addeemtuyz,Fr.,74,190
2014,Soccer,eehillmort,Fr.,68,150
2014,Soccer,aejmnnoosstu,Fr.,69,155
2014,Soccer,ehjoosttt,Fr.,68,160
2014,Soccer,aaegllnnw,Fr.,70,160
2015,Soccer,aabeeeillmmnrrstty,Fr.,73,180
2015,Soccer,cdiknnoswy,Fr.,73,170
2015,Soccer,eeghiinnprstv,Fr.,73,195
2015,Soccer,aeegkklnyy,Fr.,71,160
2015,Soccer,abciklrsuy,Fr.,72,160
2015,Soccer,aacehijkkmnoss,Fr.,72,168
2015,Soccer,aeln,Fr.,69,155
2015,Soccer,adddeklnnnnooorswy,Jr.,74,170
2015,Soccer,aaccehimnorr,Fr.,73,175
2015,Soccer,abeiillmorrstw,Fr.,74,190
2015,Soccer,ceeehikpprss,Fr.,76,195
2015,Soccer,aceiillllsw,Fr.,74,170
2016,Soccer,beijlnostu,Fr.,70,166
2016,Soccer,eegilmstuuy,Fr.,68,146
2016,Soccer,aaemnortty,Fr.,72,155
2016,Soccer,eeillmnorsw,Fr.,75,175
2016,Soccer,aacdennorrtw,Fr.,73,170
2016,Soccer,aadddeeeknnnrswyy,Fr.,69,160
2016,Soccer,acddiklnosu,Fr.,73,175
2016,Soccer,aehijlmnnos,Fr.,73,167
2016,Soccer,aaaghmmrx,Fr.,70,160
2016,Soccer,abdeenorrtwy,Fr.,71,175
2017,Soccer,aeeillmnnosttw,Fy.,73,176
2017,Soccer,aacdjklnor,Fy.,72,175
2017,Soccer,adejlmpr,Fy.,70,175
2017,Soccer,aeffhikmnorrw,Fy.,72,180
2017,Soccer,addeelooquv,Fy.,72,170
2017,Soccer,aaaadehmmssttw,Fy.,74,180
2017,Soccer,aegikllnno,,NA,NA